{
  "export_info": {
    "created_at": "2025-11-16T06:50:31.030545Z",
    "format_version": "1.0",
    "exporter": "SAM2 Demo Export Tool"
  },
  "video": {
    "filename": "session_74024583-f0dc-4aca-9859-e7f30ca5a04c.mp4",
    "width": 1280,
    "height": 720,
    "fps": 30.0,
    "total_frames": 287,
    "duration_sec": 9.566666666666666
  },
  "export_config": {
    "target_fps": 5.0,
    "frame_indices": [
      0,
      6,
      12,
      18,
      24,
      30,
      36,
      42,
      48,
      54,
      60,
      66,
      72,
      78,
      84,
      90,
      96,
      102,
      108,
      114,
      120,
      126,
      132,
      138,
      144,
      150,
      156,
      162,
      168,
      174,
      180,
      186,
      192,
      198,
      204,
      210,
      216,
      222,
      228,
      234,
      240,
      246,
      252,
      258,
      264,
      270,
      276,
      282
    ]
  },
  "statistics": {
    "total_frames": 48,
    "total_objects": 48,
    "unique_objects": 1,
    "objects_per_frame": 1.0
  }
}